Generation,Condition,Environment,SurvivalRate,ActionEntropy,EnergyEfficiency,ANNEX,AdaptationSpeed,AvgNodes,AvgEdges
500,Condition A (V5 467 nodes),Shock A,1.0,0.0,197.5331,1528.0,1,478.2,1568.45
1000,Condition A (V5 467 nodes),Shock A,1.0,0.0,198.6082,1544.0,1,495.0,1605.0
1500,Condition A (V5 467 nodes),Shock A,1.0,0.0,197.3659,1570.0,1,504.1,1632.35
2000,Condition A (V5 467 nodes),Shock A,1.0,0.0,198.97,1588.0,1,513.05,1653.1
2500,Condition A (V5 467 nodes),Shock A,1.0,0.0,198.6403,1603.0,1,519.0,1674.0
3000,Condition A (V5 467 nodes),Shock A,1.0,0.0,199.0489,1621.0,1,523.0,1685.55
3500,Condition A (V5 467 nodes),Shock A,1.0,0.0,199.0631,1624.0,1,532.0,1705.0
4000,Condition A (V5 467 nodes),Shock A,1.0,0.0,197.6566,1635.0,1,539.0,1729.05
4500,Condition A (V5 467 nodes),Shock A,1.0,0.0,197.7548,1650.0,1,549.35,1758.75
5000,Condition A (V5 467 nodes),Shock A,1.0,0.0,199.2063,1675.0,1,555.2,1776.4
500,Condition B (V6 Constrained 52 nodes),Shock A,1.0,0.0,199.2432,815.0,1,52.0,815.0
1000,Condition B (V6 Constrained 52 nodes),Shock A,1.0,0.0,196.8275,815.0,1,52.0,815.0
1500,Condition B (V6 Constrained 52 nodes),Shock A,1.0,0.0,198.6018,815.0,1,52.0,815.0
2000,Condition B (V6 Constrained 52 nodes),Shock A,1.0,0.0,198.1511,815.0,1,52.0,815.0
2500,Condition B (V6 Constrained 52 nodes),Shock A,1.0,0.0,197.2922,815.0,1,52.0,815.0
3000,Condition B (V6 Constrained 52 nodes),Shock A,1.0,0.0,196.794,815.0,1,52.0,815.0
3500,Condition B (V6 Constrained 52 nodes),Shock A,1.0,0.0,197.0668,815.0,1,52.0,815.0
4000,Condition B (V6 Constrained 52 nodes),Shock A,1.0,0.0,197.4402,815.0,1,52.0,815.0
4500,Condition B (V6 Constrained 52 nodes),Shock A,1.0,0.0,198.7026,815.0,1,52.0,815.0
5000,Condition B (V6 Constrained 52 nodes),Shock A,1.0,0.0,197.726,815.0,1,52.0,815.0
500,Condition C (V4 123 nodes),Shock A,1.0,0.0,196.6526,345.0,1,128.4,370.85
1000,Condition C (V4 123 nodes),Shock A,1.0,0.0,198.6499,364.0,1,134.9,394.85
1500,Condition C (V4 123 nodes),Shock A,1.0,0.0,197.3526,381.0,1,140.1,411.35
2000,Condition C (V4 123 nodes),Shock A,1.0,0.0,198.5091,395.0,1,143.0,426.1
2500,Condition C (V4 123 nodes),Shock A,1.0,0.0,198.1718,400.0,1,154.0,459.05
3000,Condition C (V4 123 nodes),Shock A,1.0,0.0,199.0867,424.0,1,160.2,476.7
3500,Condition C (V4 123 nodes),Shock A,1.0,0.0,196.835,434.0,1,170.0,501.0
4000,Condition C (V4 123 nodes),Shock A,1.0,0.0,197.4165,453.0,1,174.05,517.3
4500,Condition C (V4 123 nodes),Shock A,1.0,0.0,199.5703,462.0,1,181.0,538.0
5000,Condition C (V4 123 nodes),Shock A,1.0,0.0,197.2446,477.0,1,187.0,557.45
500,Condition D (Naive 12 nodes),Shock A,1.0,0.2614,201.19,1.0,1,16.0,18.5
1000,Condition D (Naive 12 nodes),Shock A,1.0,0.0322,211.8635,15.0,1,21.05,38.55
1500,Condition D (Naive 12 nodes),Shock A,1.0,0.0766,207.3893,29.0,1,26.1,55.2
2000,Condition D (Naive 12 nodes),Shock A,1.0,0.0,213.0895,40.0,1,30.1,68.2
2500,Condition D (Naive 12 nodes),Shock A,1.0,0.0,212.579,49.0,1,36.25,89.5
3000,Condition D (Naive 12 nodes),Shock A,1.0,0.1178,206.3751,66.0,1,40.0,103.05
3500,Condition D (Naive 12 nodes),Shock A,1.0,0.0,208.3463,75.0,1,45.0,122.15
4000,Condition D (Naive 12 nodes),Shock A,1.0,0.0252,193.4299,90.0,1,49.05,135.2
4500,Condition D (Naive 12 nodes),Shock A,1.0,0.0,214.8422,99.0,1,52.0,145.0
5000,Condition D (Naive 12 nodes),Shock A,1.0,0.0,205.8673,108.0,1,57.0,162.75
500,Condition A (V5 467 nodes),Shock B,1.0,0.0,16.0,1529.0,0,477.0,1573.05
1000,Condition A (V5 467 nodes),Shock B,1.0,0.0,16.0,1556.0,0,485.25,1601.75
1500,Condition A (V5 467 nodes),Shock B,1.0,0.0,16.0,1565.0,0,506.15,1659.45
2000,Condition A (V5 467 nodes),Shock B,1.0,0.0,16.0,1612.0,0,518.65,1691.5
2500,Condition A (V5 467 nodes),Shock B,1.0,0.0,16.0,1630.0,0,532.5,1733.85
3000,Condition A (V5 467 nodes),Shock B,1.0,0.0,16.0,1660.0,0,543.1,1771.35
3500,Condition A (V5 467 nodes),Shock B,1.0,0.0,16.0,1689.0,0,552.25,1800.95
4000,Condition A (V5 467 nodes),Shock B,1.0,0.0,16.0,1706.0,0,564.1,1832.45
4500,Condition A (V5 467 nodes),Shock B,1.0,0.0,16.0,1721.0,0,581.6,1883.0
5000,Condition A (V5 467 nodes),Shock B,1.0,0.0,16.0,1752.0,0,602.95,1942.8
500,Condition B (V6 Constrained 52 nodes),Shock B,1.0,0.0,16.0,815.0,0,52.0,815.0
1000,Condition B (V6 Constrained 52 nodes),Shock B,1.0,0.0,16.0,815.0,0,52.0,815.0
1500,Condition B (V6 Constrained 52 nodes),Shock B,1.0,0.0,16.0,815.0,0,52.0,815.0
2000,Condition B (V6 Constrained 52 nodes),Shock B,1.0,0.0,16.0,815.0,0,52.0,815.0
2500,Condition B (V6 Constrained 52 nodes),Shock B,1.0,0.0,16.0,815.0,0,52.0,815.0
3000,Condition B (V6 Constrained 52 nodes),Shock B,1.0,0.0,16.0,815.0,0,52.0,815.0
3500,Condition B (V6 Constrained 52 nodes),Shock B,1.0,0.0,16.0,815.0,0,52.0,815.0
4000,Condition B (V6 Constrained 52 nodes),Shock B,1.0,0.0,16.0,815.0,0,52.0,815.0
4500,Condition B (V6 Constrained 52 nodes),Shock B,1.0,0.0,16.0,815.0,0,52.0,815.0
5000,Condition B (V6 Constrained 52 nodes),Shock B,1.0,0.0,16.0,815.0,0,52.0,815.0
500,Condition C (V4 123 nodes),Shock B,1.0,0.0,16.0,340.0,0,133.0,391.15
1000,Condition C (V4 123 nodes),Shock B,1.0,0.0,16.0,364.0,0,154.05,444.1
1500,Condition C (V4 123 nodes),Shock B,1.0,0.0,16.0,411.0,0,165.45,490.55
2000,Condition C (V4 123 nodes),Shock B,1.0,0.0,16.0,432.0,0,188.85,554.75
2500,Condition C (V4 123 nodes),Shock B,1.0,0.0,16.0,478.0,0,206.1,607.45
3000,Condition C (V4 123 nodes),Shock B,1.0,0.0,16.0,513.0,0,223.45,664.95
3500,Condition C (V4 123 nodes),Shock B,1.0,0.0,16.0,554.0,0,238.95,720.4
4000,Condition C (V4 123 nodes),Shock B,1.0,0.0,16.0,598.0,0,250.55,762.8
4500,Condition C (V4 123 nodes),Shock B,1.0,0.0,16.0,626.0,0,264.25,816.95
5000,Condition C (V4 123 nodes),Shock B,1.0,0.0,16.0,670.0,0,278.5,863.05
500,Condition D (Naive 12 nodes),Shock B,1.0,0.3659,16.0,0.0,0,28.25,57.0
1000,Condition D (Naive 12 nodes),Shock B,1.0,0.1687,16.0,37.0,0,47.8,115.0
1500,Condition D (Naive 12 nodes),Shock B,1.0,0.0,16.0,74.0,0,63.35,172.8
2000,Condition D (Naive 12 nodes),Shock B,1.0,0.0,16.0,119.0,0,77.0,222.5
2500,Condition D (Naive 12 nodes),Shock B,1.0,0.0,12.4,158.0,0,91.6,272.6
3000,Condition D (Naive 12 nodes),Shock B,1.0,0.0,16.0,189.0,0,104.45,328.0
3500,Condition D (Naive 12 nodes),Shock B,1.0,0.0,16.0,230.0,0,122.0,381.5
4000,Condition D (Naive 12 nodes),Shock B,1.0,0.0,16.0,262.0,0,142.0,450.6
4500,Condition D (Naive 12 nodes),Shock B,1.0,0.1124,16.0,316.0,0,159.0,512.95
5000,Condition D (Naive 12 nodes),Shock B,1.0,0.0,16.0,363.0,0,173.85,564.0
500,Condition A (V5 467 nodes),Shock C,1.0,0.0,16.0,1522.0,0,484.15,1586.3
1000,Condition A (V5 467 nodes),Shock C,1.0,0.0,16.0,1555.0,0,502.0,1632.85
1500,Condition A (V5 467 nodes),Shock C,1.0,0.0,16.0,1588.0,0,513.05,1671.8
2000,Condition A (V5 467 nodes),Shock C,1.0,0.0,16.0,1609.0,0,532.0,1720.0
2500,Condition A (V5 467 nodes),Shock C,1.0,0.0,16.0,1643.0,0,547.5,1772.1
3000,Condition A (V5 467 nodes),Shock C,1.0,0.0,16.0,1682.0,0,559.85,1814.25
3500,Condition A (V5 467 nodes),Shock C,1.0,0.0,16.0,1713.0,0,572.05,1847.15
4000,Condition A (V5 467 nodes),Shock C,1.0,0.0,16.0,1740.0,0,578.35,1873.5
4500,Condition A (V5 467 nodes),Shock C,1.0,0.0,16.0,1764.0,0,587.05,1901.1
5000,Condition A (V5 467 nodes),Shock C,1.0,0.0,16.0,1766.0,0,605.2,1952.85
500,Condition B (V6 Constrained 52 nodes),Shock C,1.0,0.0,16.0,815.0,0,52.0,815.0
1000,Condition B (V6 Constrained 52 nodes),Shock C,1.0,0.0,16.0,815.0,0,52.0,815.0
1500,Condition B (V6 Constrained 52 nodes),Shock C,1.0,0.0,16.0,815.0,0,52.0,815.0
2000,Condition B (V6 Constrained 52 nodes),Shock C,1.0,0.0,16.0,815.0,0,52.0,815.0
2500,Condition B (V6 Constrained 52 nodes),Shock C,1.0,0.0,16.0,815.0,0,52.0,815.0
3000,Condition B (V6 Constrained 52 nodes),Shock C,1.0,0.0,16.0,815.0,0,52.0,815.0
3500,Condition B (V6 Constrained 52 nodes),Shock C,1.0,0.0,16.0,815.0,0,52.0,815.0
4000,Condition B (V6 Constrained 52 nodes),Shock C,1.0,0.0,16.0,815.0,0,52.0,815.0
4500,Condition B (V6 Constrained 52 nodes),Shock C,1.0,0.0,16.0,815.0,0,52.0,815.0
5000,Condition B (V6 Constrained 52 nodes),Shock C,1.0,0.0,16.0,815.0,0,52.0,815.0
500,Condition C (V4 123 nodes),Shock C,1.0,0.0,16.0,338.0,0,139.05,400.3
1000,Condition C (V4 123 nodes),Shock C,1.0,0.0,16.0,373.0,0,154.7,444.7
1500,Condition C (V4 123 nodes),Shock C,1.0,0.0,16.0,395.0,0,176.7,516.6
2000,Condition C (V4 123 nodes),Shock C,1.0,0.0,16.0,449.0,0,198.15,582.6
2500,Condition C (V4 123 nodes),Shock C,1.0,0.0,16.0,496.0,0,213.15,634.8
3000,Condition C (V4 123 nodes),Shock C,1.0,0.0,16.0,537.0,0,226.0,683.8
3500,Condition C (V4 123 nodes),Shock C,1.0,0.0,16.0,572.0,0,241.0,734.0
4000,Condition C (V4 123 nodes),Shock C,1.0,0.0,16.0,609.0,0,254.5,785.1
4500,Condition C (V4 123 nodes),Shock C,1.0,0.0,16.0,644.0,0,268.0,844.25
5000,Condition C (V4 123 nodes),Shock C,1.0,0.0,16.0,692.0,0,280.1,883.35
500,Condition D (Naive 12 nodes),Shock C,1.0,0.0,6.68,1.0,0,22.0,49.15
1000,Condition D (Naive 12 nodes),Shock C,1.0,0.0,16.0,32.0,0,43.95,121.5
1500,Condition D (Naive 12 nodes),Shock C,1.0,0.0,16.0,88.0,0,55.25,172.45
2000,Condition D (Naive 12 nodes),Shock C,1.0,0.0,15.64,120.0,0,81.25,247.0
2500,Condition D (Naive 12 nodes),Shock C,1.0,0.0,14.92,173.0,0,99.35,317.7
3000,Condition D (Naive 12 nodes),Shock C,1.0,0.0,16.0,229.0,0,113.5,370.35
3500,Condition D (Naive 12 nodes),Shock C,1.0,0.0,16.0,265.0,0,129.0,418.05
4000,Condition D (Naive 12 nodes),Shock C,1.0,0.0,16.0,297.0,0,146.3,480.65
4500,Condition D (Naive 12 nodes),Shock C,1.0,0.0,15.04,338.0,0,164.25,547.1
5000,Condition D (Naive 12 nodes),Shock C,1.0,0.0,15.72,389.0,0,181.6,601.2
